{
  "hash": "33af2fe9",
  "configHash": "6e20d774",
  "lockfileHash": "1ded971c",
  "browserHash": "b1ca03d6",
  "optimized": {
    "@angular/common": {
      "src": "../../../../../../node_modules/@angular/common/fesm2022/common.mjs",
      "file": "@angular_common.js",
      "fileHash": "2a69425e",
      "needsInterop": false
    },
    "@angular/common/http": {
      "src": "../../../../../../node_modules/@angular/common/fesm2022/http.mjs",
      "file": "@angular_common_http.js",
      "fileHash": "23f083a8",
      "needsInterop": false
    },
    "@angular/core": {
      "src": "../../../../../../node_modules/@angular/core/fesm2022/core.mjs",
      "file": "@angular_core.js",
      "fileHash": "b8c18989",
      "needsInterop": false
    },
    "@angular/forms": {
      "src": "../../../../../../node_modules/@angular/forms/fesm2022/forms.mjs",
      "file": "@angular_forms.js",
      "fileHash": "09a42878",
      "needsInterop": false
    },
    "@angular/platform-browser": {
      "src": "../../../../../../node_modules/@angular/platform-browser/fesm2022/platform-browser.mjs",
      "file": "@angular_platform-browser.js",
      "fileHash": "26d86368",
      "needsInterop": false
    },
    "@angular/router": {
      "src": "../../../../../../node_modules/@angular/router/fesm2022/router.mjs",
      "file": "@angular_router.js",
      "fileHash": "5b19cd47",
      "needsInterop": false
    }
  },
  "chunks": {
    "chunk-I56QQK4M": {
      "file": "chunk-I56QQK4M.js"
    },
    "chunk-MWJ76KEP": {
      "file": "chunk-MWJ76KEP.js"
    },
    "chunk-4ZICNT4A": {
      "file": "chunk-4ZICNT4A.js"
    },
    "chunk-6PDN4FSY": {
      "file": "chunk-6PDN4FSY.js"
    },
    "chunk-PR7ILNDV": {
      "file": "chunk-PR7ILNDV.js"
    }
  }
}